[
  {
    "Id": "78553",
    "ThreadId": "23467",
    "Html": "\r\nWelcome to UIA Verify! The base code of test automation Framework has been used Microsoft internally, and it has been useful tool for us for various purposes. Now it is released to CodePlex, the UI Automation team would like to welcome everyone to participate in leveraging the tool to improve your UI Automation developments.<br />",
    "PostedDate": "2008-03-05T15:15:45.017-08:00",
    "UserRole": null,
    "MarkedAsAnswerDate": null
  }
]