[
  {
    "Id": "129430",
    "ThreadId": "39009",
    "Html": "Hello<br>\r\n<br>\r\nI develop for my company some UI components in WPF and I want build my own framework to manage and test these control. UIAutomation seems very good to do this, and I start some prototype to play with It<br>\r\n<br>\r\nFor Example, I can execute a small UIAutomation script in NUnit test case or Microsoft Team System Test case too !!<br>\r\n<br>\r\nUIA Verify seems very usefull for me BUT I did not understand the &quot;way of life&quot; of this framework :-( perhaps you can help me <br>\r\n<br>\r\nFor example, could you say me to confirm or not theses points below ...<br>\r\n<ul>\r\n    <li>Microsoft.Test.UIAutomation.Core.Library : To pilot an application, very usefull </li>\r\n    <li>Microsoft.Test.UIAutomation.Core.TestMenu : To help to use menu of application, very usefull </li>\r\n    <li>Why all class in Microsoft.Test.UIAutomation.Tests.Controls is Empty ???</li>\r\n    <li>Microsoft.Test.UIAutomation.Tests.Patterns : theses classes are little bigger then previous ... are they usefull to test if a component is &quot;UIAutomation friendly&quot; ?</li>\r\n    <li>I just found this sentence here : <a href=\"http://www.teknologika.com/blog/2008/05/\">http://www.teknologika.com/blog/2008/05/</a></li>\r\n</ul>\r\n<p><em>This library is used to ensure that your application or control correctly implements the UI automation providers that can then be used by projects like </em><a href=\"http://www.codeplex.com/white/\" rel=nofollow><span style=\"color:#880000\"><em>white</em></span></a> : Could you say me if it is THE function of UIA Verify ?<br>\r\n<br>\r\n<br>\r\nIf I want to build a test on my new control like my own tabControl, my own Datagrid (even if it is not very Usefull, WPFToolKit en WPF 4.0 will have to contains one)<br>\r\n<br>\r\nUIVerify can help me to scan, to test if my own component is just &quot;UIAutomation friendly&quot; or it can help me build my own scenarii too ???<br>\r\n<br>\r\nThanks a lot for your help<br>\r\n<br>\r\nBest regards<br>\r\n<br>\r\nThibaud</p>\r\n",
    "PostedDate": "2008-11-01T15:35:33.63-07:00",
    "UserRole": null,
    "MarkedAsAnswerDate": null
  }
]