[
  {
    "Id": "126255",
    "ThreadId": "38057",
    "Html": "Hello,<br>\r\n<br>\r\nFirst of all, thank you for sharing the framework to the community!<br>\r\n<br>\r\nIt looks it would be quite helpful in UI Automation testing, but I noticed there are no recent updates. Does the team work on project updates and are there any future versions already scheduled? Thank you in advance for the information!<br>\r\n<br>\r\nBest,<br>\r\n-Konstantin<br>\r\n",
    "PostedDate": "2008-10-20T04:25:25.04-07:00",
    "UserRole": null,
    "MarkedAsAnswerDate": null
  }
]