[
  {
    "Id": "1104244",
    "ThreadId": "461327",
    "Html": "Where can I start learning or using UIA Verify?<br />\nIs there a guide?<br />\n",
    "PostedDate": "2013-10-06T09:52:30.873-07:00",
    "UserRole": null,
    "MarkedAsAnswerDate": null
  },
  {
    "Id": "1361084",
    "ThreadId": "461327",
    "Html": "I too am looking for a guide to start and compare this with the functionality in Visual Studio for CodedUI testing. Thanks!<br />\n",
    "PostedDate": "2015-03-09T04:29:43.49-07:00",
    "UserRole": null,
    "MarkedAsAnswerDate": null
  }
]