[
  {
    "Id": "97125",
    "ThreadId": "29155",
    "Html": "Is there a guide or recommendation of the best or most recent tool to use?  Is AccExplorer32 going to be retired?<br>\r\n<br>\r\nThanks,<br>\r\nDan\r\n",
    "PostedDate": "2008-06-05T14:50:23.28-07:00",
    "UserRole": null,
    "MarkedAsAnswerDate": null
  },
  {
    "Id": "97320",
    "ThreadId": "29155",
    "Html": "Dan, since this is question for AccChecker, I've copied your question and have replied at <a href=\"https://www.codeplex.com/Thread/View.aspx?ProjectName=AccCheck&ThreadId=29197\">https://www.codeplex.com/Thread/View.aspx?ProjectName=AccCheck&amp;ThreadId=29197</a>.  Thanks.<br>\r\n",
    "PostedDate": "2008-06-06T10:35:38.337-07:00",
    "UserRole": null,
    "MarkedAsAnswerDate": null
  },
  {
    "Id": "101115",
    "ThreadId": "29155",
    "Html": "Thank you for the great summary.&nbsp; Could you include <strong>Visual UI Automation Verify</strong> summary as well?<br>\r\n<div style=\"border-right:medium none;padding-right:0.2em;border-top:#aaa 0.1em dotted;padding-left:0.2em;padding-bottom:0.2em;margin:1em 0em 2.5em 3em;border-left:medium none;padding-top:0.2em;border-bottom:#aaa 0.1em dotted;font-style:italic\"><br>\r\nAccChecker wrote:<br>\r\nDan, since this is question for AccChecker, I've copied your question and have replied at&nbsp;<a href=\"https://www.codeplex.com/Thread/View.aspx?ProjectName=AccCheck&ThreadId=29197\">https://www.codeplex.com/Thread/View.aspx?ProjectName=AccCheck&amp;ThreadId=29197</a>.&nbsp; Thanks.<br>\r\n<br>\r\n<br>\r\n</div>\r\n<br>\r\n",
    "PostedDate": "2008-06-26T14:15:02.28-07:00",
    "UserRole": null,
    "MarkedAsAnswerDate": null
  }
]