[
  {
    "Id": "133331",
    "ThreadId": "40182",
    "Html": "test content:<br>\r\na .txt file that attribute is read only;run pattern tests-&gt;value-&gt;priority 0 tests-&gt;valuepattern.setvalue.s.1.11;<br>\r\n<table style=\"border-right:medium none;table-layout:fixed;border-top:medium none;border-left:medium none;width:100%;border-bottom:medium none;border-collapse:collapse;word-wrap:break-word\" bordercolor=buttontext border=1>\r\n    <tbody valign=top>\r\n        <tr>\r\n            <td style=\"border-right:#c0c0c0 1pt solid;padding-right:1px;border-top:#c0c0c0 1pt solid;padding-left:0px;padding-bottom:1px;vertical-align:middle;border-left:#c0c0c0 1pt solid;padding-top:1px;border-bottom:#c0c0c0 1pt solid\">\r\n            <div><span style=\"font-size:13px;font-family:verdana\"><strong>Result Status:</strong></span></div>\r\n            </td>\r\n            <td style=\"border-right:#c0c0c0 1pt solid;border-top:#c0c0c0 1pt solid;border-left:#c0c0c0 1pt solid;border-bottom:#c0c0c0 1pt solid\">\r\n            <div><span style=\"border-right:#dcdcdc 1pt;border-top:#dcdcdc 1pt;margin-bottom:0pt;padding-bottom:0px;border-left:#dcdcdc 1pt;border-bottom:#dcdcdc 1pt\">UnexpectedError</span></div>\r\n            </td>\r\n        </tr>\r\n        <tr>\r\n            <td style=\"border-right:#c0c0c0 1pt solid;padding-right:1px;border-top:#c0c0c0 1pt solid;padding-left:0px;padding-bottom:1px;vertical-align:middle;border-left:#c0c0c0 1pt solid;padding-top:1px;border-bottom:#c0c0c0 1pt solid\">\r\n            <div><span style=\"font-size:13px;font-family:verdana\"><strong>Test Priority:</strong></span></div>\r\n            </td>\r\n            <td style=\"border-right:#c0c0c0 1pt solid;border-top:#c0c0c0 1pt solid;border-left:#c0c0c0 1pt solid;border-bottom:#c0c0c0 1pt solid\">\r\n            <div><span style=\"border-right:#dcdcdc 1pt;border-top:#dcdcdc 1pt;overflow-y:visible;overflow-x:visible;margin-bottom:0pt;padding-bottom:0px;border-left:#dcdcdc 1pt;border-bottom:#dcdcdc 1pt;white-space:normal;word-wrap:break-word\">Pri0</span></div>\r\n            </td>\r\n        </tr>\r\n        <tr style=\"min-height:26px\">\r\n            <td style=\"border-right:#c0c0c0 1pt solid;padding-right:1px;border-top:#c0c0c0 1pt solid;padding-left:0px;padding-bottom:1px;vertical-align:top;border-left:#c0c0c0 1pt solid;padding-top:1px;border-bottom:#c0c0c0 1pt solid\">\r\n            <div><span style=\"font-size:13px;font-family:verdana\"><strong>Description:</strong></span></div>\r\n            </td>\r\n            <td style=\"border-right:#c0c0c0 1pt solid;border-top:#c0c0c0 1pt solid;border-left:#c0c0c0 1pt solid;border-bottom:#c0c0c0 1pt solid\">\r\n            <div><span style=\"border-right:#dcdcdc 1pt;border-top:#dcdcdc 1pt;overflow-y:visible;overflow-x:visible;margin-bottom:0pt;padding-bottom:0px;border-left:#dcdcdc 1pt;border-bottom:#dcdcdc 1pt;white-space:normal;word-wrap:break-word\">Precondition: Verify that this control's ReadOnly == false</span></div>\r\n            </td>\r\n        </tr>\r\n    </tbody>\r\n</table>\r\n<div><strong><span style=\"color:#bb0000\">!! Exception !!</span></strong></div>\r\n<div>\r\n<table style=\"border-right:medium none;table-layout:fixed;border-top:medium none;border-left:medium none;width:100%;border-bottom:medium none;border-collapse:collapse;word-wrap:break-word\" bordercolor=buttontext border=1>\r\n    <colgroup><col style=\"width:20px\"><col style=\"width:20px\"><col style=\"width:20px\"></colgroup>\r\n    <tbody valign=top>\r\n        <tr>\r\n            <td style=\"border-right:medium none;border-top:medium none;border-left:medium none;border-bottom:medium none\" colspan=3>\r\n            <div>Message: <span style=\"border-right:#dcdcdc 1pt;border-top:#dcdcdc 1pt;font-weight:bold;margin-bottom:0pt;padding-bottom:0px;border-left:#dcdcdc 1pt;border-bottom:#dcdcdc 1pt\">Object reference not set to an instance of an object.</span></div>\r\n            </td>\r\n        </tr>\r\n        <tr style=\"min-height:19px\">\r\n            <td style=\"border-right:medium none;border-top:medium none;border-left:medium none;border-bottom:medium none\">\r\n            <div><span style=\"font-size:13px;font-family:verdana\">Unexpected: <span style=\"border-right:#dcdcdc 1pt;border-top:#dcdcdc 1pt;margin-bottom:0pt;padding-bottom:0px;border-left:#dcdcdc 1pt;color:#ff0000;border-bottom:#dcdcdc 1pt;font-style:italic\">true</span></span></div>\r\n            </td>\r\n            <td style=\"border-right:medium none;border-top:medium none;border-left:medium none;border-bottom:medium none\">\r\n            <div><span style=\"font-size:13px;font-family:verdana\">Known Bug: <span style=\"border-right:#dcdcdc 1pt;border-top:#dcdcdc 1pt;margin-bottom:0pt;padding-bottom:0px;border-left:#dcdcdc 1pt;color:#ff0000;border-bottom:#dcdcdc 1pt;font-style:italic\">false</span></span></div>\r\n            </td>\r\n            <td style=\"border-right:medium none;border-top:medium none;border-left:medium none;border-bottom:medium none\">\r\n            <div><span style=\"font-size:13px;font-family:verdana\">Incorrect Configuration: <span style=\"border-right:#dcdcdc 1pt;border-top:#dcdcdc 1pt;margin-bottom:0pt;padding-bottom:0px;border-left:#dcdcdc 1pt;color:#ff0000;border-bottom:#dcdcdc 1pt;font-style:italic\">false</span></span></div>\r\n            </td>\r\n        </tr>\r\n    </tbody>\r\n</table>\r\n</div>\r\n<br>\r\nbut i think that it 's not a issue\r\n",
    "PostedDate": "2008-11-18T01:24:01.377-08:00",
    "UserRole": null,
    "MarkedAsAnswerDate": null
  }
]