{
  "WorkItem": {
    "AffectedComponent": {
      "Name": "",
      "DisplayName": ""
    },
    "ClosedComment": "",
    "ClosedDate": null,
    "CommentCount": 0,
    "Custom": null,
    "Description": "Thanks for your interests in UI Automation Verify tool!\n \nThere are two toolbar buttons for running test against selected Automation Element node. The second button was meant to provide an option to run test against the selection and all children, however the implementation was pulled just before we published the initial release. We want to pull back the feature to work eventually, but so far the button is not operable. We may remove the button temporary in future updates.\n \nBy writing test driver, you can still run any test against all or any portion of your Automation Element tree.",
    "LastUpdatedDate": "2017-12-12T22:36:25.23-08:00",
    "PlannedForRelease": "First check-in for UIA Verify 1.0",
    "ReleaseVisibleToPublic": true,
    "Priority": {
      "Name": "Low",
      "Severity": 50,
      "Id": 1
    },
    "ProjectName": "UIAutomationVerify",
    "ReportedDate": "2008-04-04T12:37:03.36-07:00",
    "Status": {
      "Name": "Active",
      "Id": 2
    },
    "ReasonClosed": {
      "Name": "Unassigned"
    },
    "Summary": "Second toolbar button for \"Run selected test...\" is not wokring",
    "Type": {
      "Name": "Issue",
      "Id": 3
    },
    "VoteCount": 1,
    "Id": 5896
  },
  "FileAttachments": [],
  "Comments": []
}