[
  {
    "Id": 5896,
    "Title": "Second toolbar button for \"Run selected test...\" is not wokring"
  },
  {
    "Id": 10554,
    "Title": "TablePattern not properly supported"
  },
  {
    "Id": 10555,
    "Title": "GridPatternPropertyObject.GetItem has the parameters backwards"
  },
  {
    "Id": 10604,
    "Title": "UI"
  },
  {
    "Id": 11186,
    "Title": "uialogging - LogInfo - BaseInfo - ToString() has several bugs"
  },
  {
    "Id": 17330,
    "Title": "Windows Security dialog is not visible"
  },
  {
    "Id": 19906,
    "Title": "Can't see ItemStatus"
  },
  {
    "Id": 20076,
    "Title": "Add .config file to allow running in 4.0 only machines out of the box."
  },
  {
    "Id": 20938,
    "Title": "Problem with UI Automation"
  },
  {
    "Id": 21152,
    "Title": "ilasm error when rebuild under MSV2010/2013 express"
  },
  {
    "Id": 21616,
    "Title": "UIA Not Recognized, When selecting Component by Keyboard"
  },
  {
    "Id": 22329,
    "Title": "UI Automation Verify crashes"
  },
  {
    "Id": 22454,
    "Title": "Exception Type: System.Reflection.TargetInvocationException"
  }
]